{"time_encoding": 295.9296941757202, "bitrate": 3479, "vmaf": -1, "status": "DONE", "size": 1415.04, "total_fps": 0.25, "target_miss_proc": 3.2650638171564266, "rate_search_time": -1, "chunk_index": 16}