{"time_encoding": 570.7022953033447, "bitrate": 803, "vmaf": -1, "status": "DONE", "size": 967.537, "total_fps": 0.38, "target_miss_proc": 1.7743979721166032, "rate_search_time": -1, "chunk_index": 36}