{"time_encoding": 527.0605199337006, "bitrate": 1236, "vmaf": -1, "status": "DONE", "size": 1328.181, "total_fps": 0.37, "target_miss_proc": 3.691275167785235, "rate_search_time": -1, "chunk_index": 35}