{"time_encoding": 148.75158786773682, "bitrate": 5876, "vmaf": -1, "status": "DONE", "size": 765.919, "total_fps": 0.16, "target_miss_proc": -1.2436974789915967, "rate_search_time": -1, "chunk_index": 6}