{"time_encoding": 299.4856081008911, "bitrate": 1104, "vmaf": -1, "status": "DONE", "size": 731.36, "total_fps": 0.41, "target_miss_proc": 0.18148820326678766, "rate_search_time": -1, "chunk_index": 70}