{"time_encoding": 163.1812391281128, "bitrate": 2385, "vmaf": -1, "status": "DONE", "size": 597.089, "total_fps": 0.28, "target_miss_proc": -0.8728179551122194, "rate_search_time": -1, "chunk_index": 18}