{"time_encoding": 544.968644618988, "bitrate": 633, "vmaf": -1, "status": "DONE", "size": 765.93, "total_fps": 0.4, "target_miss_proc": -0.7836990595611284, "rate_search_time": -1, "chunk_index": 37}