{"time_encoding": 468.76184034347534, "bitrate": 747, "vmaf": -1, "status": "DONE", "size": 759.473, "total_fps": 0.4, "target_miss_proc": 6.107954545454546, "rate_search_time": -1, "chunk_index": 41}