{"time_encoding": 596.9663600921631, "bitrate": 1981, "vmaf": -1, "status": "DONE", "size": 2386.015, "total_fps": 0.36, "target_miss_proc": 5.935828877005347, "rate_search_time": -1, "chunk_index": 30}