{"time_encoding": 347.9511082172394, "bitrate": 722, "vmaf": -1, "status": "DONE", "size": 564.775, "total_fps": 0.41, "target_miss_proc": 6.489675516224189, "rate_search_time": -1, "chunk_index": 45}