{"time_encoding": 299.5329122543335, "bitrate": 335, "vmaf": -1, "status": "DONE", "size": 253.734, "total_fps": 0.46, "target_miss_proc": -1.4705882352941175, "rate_search_time": -1, "chunk_index": 26}