{"time_encoding": 167.19654941558838, "bitrate": 3784, "vmaf": -1, "status": "DONE", "size": 868.126, "total_fps": 0.25, "target_miss_proc": 9.395779126915293, "rate_search_time": -1, "chunk_index": 17}