{"time_encoding": 269.04276847839355, "bitrate": 350, "vmaf": -1, "status": "DONE", "size": 266.593, "total_fps": 0.49, "target_miss_proc": -4.371584699453552, "rate_search_time": -1, "chunk_index": 27}