{"time_encoding": 374.86437606811523, "bitrate": 3590, "vmaf": -1, "status": "DONE", "size": 1403.984, "total_fps": 0.19, "target_miss_proc": 2.191858810133789, "rate_search_time": -1, "chunk_index": 1}