{"time_encoding": 259.89781427383423, "bitrate": 589, "vmaf": -1, "status": "DONE", "size": 344.189, "total_fps": 0.41, "target_miss_proc": 16.633663366336634, "rate_search_time": -1, "chunk_index": 40}