{"time_encoding": 226.8599910736084, "bitrate": 616, "vmaf": -1, "status": "DONE", "size": 305.145, "total_fps": 0.4, "target_miss_proc": 1.4827018121911038, "rate_search_time": -1, "chunk_index": 54}