{"time_encoding": 669.3538281917572, "bitrate": 2594, "vmaf": -1, "status": "DONE", "size": 2516.266, "total_fps": 0.27, "target_miss_proc": 1.1306042884990253, "rate_search_time": -1, "chunk_index": 29}