{"time_encoding": 118.07085275650024, "bitrate": 6003, "vmaf": -1, "status": "DONE", "size": 688.563, "total_fps": 0.18, "target_miss_proc": 0.9925975773889637, "rate_search_time": -1, "chunk_index": 5}