{"time_encoding": 264.4384105205536, "bitrate": 2337, "vmaf": -1, "status": "DONE", "size": 889.527, "total_fps": 0.26, "target_miss_proc": 8.596654275092936, "rate_search_time": -1, "chunk_index": 47}