{"time_encoding": 410.085976600647, "bitrate": 1091, "vmaf": -1, "status": "DONE", "size": 944.958, "total_fps": 0.38, "target_miss_proc": 5.004812319538017, "rate_search_time": -1, "chunk_index": 25}