{"time_encoding": 295.5721151828766, "bitrate": 1888, "vmaf": -1, "status": "DONE", "size": 1122.404, "total_fps": 0.37, "target_miss_proc": 0.425531914893617, "rate_search_time": -1, "chunk_index": 62}