{"time_encoding": 277.53954458236694, "bitrate": 1277, "vmaf": -1, "status": "DONE", "size": 659.594, "total_fps": 0.33, "target_miss_proc": 5.887230514096186, "rate_search_time": -1, "chunk_index": 14}