{"time_encoding": 193.53631615638733, "bitrate": 2611, "vmaf": -1, "status": "DONE", "size": 776.093, "total_fps": 0.27, "target_miss_proc": -0.11476664116296864, "rate_search_time": -1, "chunk_index": 21}