{"time_encoding": 707.407726764679, "bitrate": 3380, "vmaf": -1, "status": "DONE", "size": 3683.532, "total_fps": 0.28, "target_miss_proc": -0.9958992384299941, "rate_search_time": -1, "chunk_index": 23}