{"time_encoding": 643.818746805191, "bitrate": 1898, "vmaf": -1, "status": "DONE", "size": 2058.926, "total_fps": 0.31, "target_miss_proc": 3.4896401308615053, "rate_search_time": -1, "chunk_index": 11}