{"time_encoding": 618.424339056015, "bitrate": 2188, "vmaf": -1, "status": "DONE", "size": 2613.249, "total_fps": 0.36, "target_miss_proc": 4.789272030651341, "rate_search_time": -1, "chunk_index": 31}