{"time_encoding": 352.0826051235199, "bitrate": 157, "vmaf": -1, "status": "DONE", "size": 118.978, "total_fps": 0.4, "target_miss_proc": -21.105527638190953, "rate_search_time": -1, "chunk_index": 9}