{"time_encoding": 279.02103757858276, "bitrate": 2559, "vmaf": -1, "status": "DONE", "size": 1174.349, "total_fps": 0.29, "target_miss_proc": -0.15606710885680844, "rate_search_time": -1, "chunk_index": 19}