{"time_encoding": 530.4896912574768, "bitrate": 532, "vmaf": -1, "status": "DONE", "size": 627.881, "total_fps": 0.41, "target_miss_proc": 3.300970873786408, "rate_search_time": -1, "chunk_index": 34}