{"time_encoding": 637.9591219425201, "bitrate": 1973, "vmaf": -1, "status": "DONE", "size": 2366.922, "total_fps": 0.34, "target_miss_proc": 6.475984889368592, "rate_search_time": -1, "chunk_index": 32}