{"time_encoding": 452.89074301719666, "bitrate": 1390, "vmaf": -1, "status": "DONE", "size": 1181.241, "total_fps": 0.35, "target_miss_proc": 4.826546003016592, "rate_search_time": -1, "chunk_index": 24}