{"time_encoding": 142.54407691955566, "bitrate": 578, "vmaf": -1, "status": "DONE", "size": 165.775, "total_fps": 0.37, "target_miss_proc": 2.8469750889679712, "rate_search_time": -1, "chunk_index": 52}