{"time_encoding": 154.6155128479004, "bitrate": 5664, "vmaf": -1, "status": "DONE", "size": 738.298, "total_fps": 0.16, "target_miss_proc": -5.6000000000000005, "rate_search_time": -1, "chunk_index": 3}