{"time_encoding": 196.08289217948914, "bitrate": 706, "vmaf": -1, "status": "DONE", "size": 290.951, "total_fps": 0.38, "target_miss_proc": 17.275747508305646, "rate_search_time": -1, "chunk_index": 48}