{"time_encoding": 102.89553952217102, "bitrate": 4444, "vmaf": -1, "status": "DONE", "size": 509.753, "total_fps": 0.19, "target_miss_proc": 27.958537287647566, "rate_search_time": -1, "chunk_index": 4}