{"time_encoding": 517.6932179927826, "bitrate": 3017, "vmaf": -1, "status": "DONE", "size": 2517.437, "total_fps": 0.3, "target_miss_proc": 7.6730906495360465, "rate_search_time": -1, "chunk_index": 65}