{"time_encoding": 194.9699923992157, "bitrate": 3406, "vmaf": -1, "status": "DONE", "size": 692.549, "total_fps": 0.19, "target_miss_proc": 5.612403100775194, "rate_search_time": -1, "chunk_index": 7}