{"time_encoding": 390.58081459999084, "bitrate": 600, "vmaf": -1, "status": "DONE", "size": 510.277, "total_fps": 0.4, "target_miss_proc": 7.526881720430108, "rate_search_time": -1, "chunk_index": 46}