{"time_encoding": 355.1144964694977, "bitrate": 658, "vmaf": -1, "status": "DONE", "size": 511.847, "total_fps": 0.4, "target_miss_proc": 2.0155038759689923, "rate_search_time": -1, "chunk_index": 44}