{"time_encoding": 600.9416527748108, "bitrate": 1738, "vmaf": -1, "status": "DONE", "size": 1695.333, "total_fps": 0.3, "target_miss_proc": 1.875732708089097, "rate_search_time": -1, "chunk_index": 15}