{"time_encoding": 55.78992509841919, "bitrate": 101, "vmaf": -1, "status": "DONE", "size": 7.969, "total_fps": 0.26, "target_miss_proc": -49.246231155778894, "rate_search_time": -1, "chunk_index": 28}