{"time_encoding": 554.5882034301758, "bitrate": 521, "vmaf": -1, "status": "DONE", "size": 633.279, "total_fps": 0.4, "target_miss_proc": 5.252525252525253, "rate_search_time": -1, "chunk_index": 61}