{"time_encoding": 299.34565138816833, "bitrate": 860, "vmaf": -1, "status": "DONE", "size": 574.568, "total_fps": 0.41, "target_miss_proc": -1.4891179839633446, "rate_search_time": -1, "chunk_index": 71}