{"time_encoding": 428.8658504486084, "bitrate": 3295, "vmaf": -1, "status": "DONE", "size": 1907.227, "total_fps": 0.25, "target_miss_proc": 0.2433830240340736, "rate_search_time": -1, "chunk_index": 22}