{"time_encoding": 303.9113700389862, "bitrate": 815, "vmaf": -1, "status": "DONE", "size": 467.594, "total_fps": 0.35, "target_miss_proc": 14.788732394366196, "rate_search_time": -1, "chunk_index": 39}