{"time_encoding": 357.12501192092896, "bitrate": 916, "vmaf": -1, "status": "DONE", "size": 568.798, "total_fps": 0.32, "target_miss_proc": 1.1037527593818985, "rate_search_time": -1, "chunk_index": 12}