{"time_encoding": 462.7365391254425, "bitrate": 832, "vmaf": -1, "status": "DONE", "size": 846.542, "total_fps": 0.4, "target_miss_proc": 2.337023370233702, "rate_search_time": -1, "chunk_index": 42}