{"time_encoding": 118.01282024383545, "bitrate": 1445, "vmaf": -1, "status": "DONE", "size": 324.121, "total_fps": 0.33, "target_miss_proc": -6.593406593406594, "rate_search_time": -1, "chunk_index": 2}