{"time_encoding": 670.4791972637177, "bitrate": 1243, "vmaf": -1, "status": "DONE", "size": 1406.739, "total_fps": 0.31, "target_miss_proc": 1.3866231647634584, "rate_search_time": -1, "chunk_index": 10}