{"time_encoding": 456.28037786483765, "bitrate": 685, "vmaf": -1, "status": "DONE", "size": 700.707, "total_fps": 0.41, "target_miss_proc": 13.223140495867769, "rate_search_time": -1, "chunk_index": 43}