{"time_encoding": 401.73750400543213, "bitrate": 629, "vmaf": -1, "status": "DONE", "size": 548.443, "total_fps": 0.39, "target_miss_proc": 1.4516129032258065, "rate_search_time": -1, "chunk_index": 38}