{"time_encoding": 401.57081961631775, "bitrate": 1159, "vmaf": -1, "status": "DONE", "size": 1021.573, "total_fps": 0.4, "target_miss_proc": 0.3463203463203463, "rate_search_time": -1, "chunk_index": 33}