{"time_encoding": 496.62507605552673, "bitrate": 957, "vmaf": -1, "status": "DONE", "size": 948.696, "total_fps": 0.37, "target_miss_proc": -4.586241276171486, "rate_search_time": -1, "chunk_index": 8}