{"time_encoding": 436.79530334472656, "bitrate": 999, "vmaf": -1, "status": "DONE", "size": 895.995, "total_fps": 0.38, "target_miss_proc": -3.664416586306654, "rate_search_time": -1, "chunk_index": 66}