{"time_encoding": 186.1327977180481, "bitrate": 3573, "vmaf": -1, "status": "DONE", "size": 857.101, "total_fps": 0.24, "target_miss_proc": 7.10431654676259, "rate_search_time": -1, "chunk_index": 53}