{"time_encoding": 280.75334548950195, "bitrate": 2087, "vmaf": -1, "status": "DONE", "size": 870.628, "total_fps": 0.28, "target_miss_proc": 4.297851074462768, "rate_search_time": -1, "chunk_index": 13}