{"time_encoding": 508.12035846710205, "bitrate": 500, "vmaf": -1, "status": "DONE", "size": 610.369, "total_fps": 0.44, "target_miss_proc": -1.3806706114398422, "rate_search_time": -1, "chunk_index": 67}