{"time_encoding": 454.5963146686554, "bitrate": 2228, "vmaf": -1, "status": "DONE", "size": 1637.921, "total_fps": 0.3, "target_miss_proc": 0.5869074492099322, "rate_search_time": -1, "chunk_index": 20}